{
  "CGPA": {
    "mean": 6.997504000000001,
    "std": 1.1891511754338904,
    "min": 4.0,
    "max": 10.0
  },
  "Previous_Semester": {
    "mean": 7.004187,
    "std": 1.2716949948187202,
    "min": 4.0,
    "max": 10.0
  },
  "Aptitude_Score": {
    "mean": 50.18649,
    "std": 14.935038400255344,
    "min": 20.0,
    "max": 100.0
  },
  "Academic_Performance": {
    "mean": 7.0008455000000005,
    "std": 1.2059651105295424,
    "min": 4.0,
    "max": 10.0
  },
  "Academic_Consistency": {
    "mean": 0.392423,
    "std": 0.3019990387616181,
    "min": 0.0,
    "max": 2.24
  },
  "Aptitude_Normalized": {
    "mean": 0.5018649000000002,
    "std": 0.14935038400255343,
    "min": 0.2,
    "max": 1.0
  },
  "Communication_Skills": {
    "mean": 4.985930000000001,
    "std": 1.7604178317076375,
    "min": 1.0,
    "max": 10.0
  },
  "Technical_Skills": {
    "mean": 4.03086,
    "std": 1.769409715547574,
    "min": 1.0,
    "max": 10.0
  },
  "Programming_Skills": {
    "mean": 5.51644,
    "std": 1.6217048803872753,
    "min": 1.0,
    "max": 10.0
  },
  "Soft_Skills": {
    "mean": 8.19031,
    "std": 1.4640332794183077,
    "min": 2.4,
    "max": 10.0
  },
  "Overall_Skills": {
    "mean": 5.912536666666667,
    "std": 1.266433309903385,
    "min": 2.3333333333333335,
    "max": 10.0
  },
  "Skill_Gap": {
    "mean": -1.48558,
    "std": 1.4608461488969586,
    "min": -6.500000000000001,
    "max": 4.200000000000001
  },
  "Projects_Completed": {
    "mean": 2.0075,
    "std": 1.6091931830175104,
    "min": 0.0,
    "max": 10.0
  },
  "Internships": {
    "mean": 1.6098,
    "std": 1.263923933775699,
    "min": 0.0,
    "max": 4.0
  },
  "Certifications": {
    "mean": 2.0049,
    "std": 1.8046610956539781,
    "min": 0.0,
    "max": 10.0
  },
  "Practical_Experience": {
    "mean": 6.22955,
    "std": 3.941469943565675,
    "min": 0.0,
    "max": 21.0
  },
  "Extracurricular_Activities": {
    "mean": 3.7311900000000002,
    "std": 1.9164627486196242,
    "min": 1.0,
    "max": 10.0
  },
  "Extracurricular_x_Communication": {
    "mean": 19.167068,
    "std": 13.0230678740864,
    "min": 1.0,
    "max": 94.08999999999999
  },
  "Backlogs": {
    "mean": 0.4285,
    "std": 0.7591741463843812,
    "min": 0.0,
    "max": 6.0
  },
  "Backlog_Penalty": {
    "mean": -0.4285,
    "std": 0.7591741463843812,
    "min": -6.0,
    "max": 0.0
  },
  "College_Tier": {
    "mean": 2.5095,
    "std": 0.9209747930627341,
    "min": 1.0,
    "max": 4.0
  },
  "Stream_Encoded": {
    "mean": 1.9437,
    "std": 1.2880590901127023,
    "min": 0.0,
    "max": 4.0
  },
  "CGPA_x_Previous": {
    "mean": 50.4047466,
    "std": 16.997821990279217,
    "min": 16.0,
    "max": 100.0
  },
  "CGPA_x_Technical": {
    "mean": 29.7990704,
    "std": 16.703440585687243,
    "min": 4.0,
    "max": 100.0
  },
  "Communication_x_Soft": {
    "mean": 42.336169999999996,
    "std": 19.430185864869493,
    "min": 3.1,
    "max": 100.0
  }
}