{
    "Logistic Regression": {
        "train_accuracy": 0.902625,
        "test_accuracy": 0.903,
        "precision": 0.8970176756517897,
        "recall": 0.903,
        "f1_score": 0.897167090139141,
        "roc_auc": 0.94602871919332,
        "cv_mean": 0.9014999999999999,
        "cv_std": 0.004376785350002876
    },
    "Decision Tree": {
        "train_accuracy": 1.0,
        "test_accuracy": 1.0,
        "precision": 1.0,
        "recall": 1.0,
        "f1_score": 1.0,
        "roc_auc": 1.0,
        "cv_mean": 0.99975,
        "cv_std": 0.0003061862178478907
    },
    "Random Forest": {
        "train_accuracy": 1.0,
        "test_accuracy": 0.9975,
        "precision": 0.99750747160789,
        "recall": 0.9975,
        "f1_score": 0.9974923866306282,
        "roc_auc": 0.9999963884314236,
        "cv_mean": 0.99875,
        "cv_std": 0.0008838834764831657
    },
    "Gradient Boosting": {
        "train_accuracy": 1.0,
        "test_accuracy": 1.0,
        "precision": 1.0,
        "recall": 1.0,
        "f1_score": 1.0,
        "roc_auc": 1.0,
        "cv_mean": 0.99975,
        "cv_std": 0.0003061862178478907
    },
    "AdaBoost": {
        "train_accuracy": 1.0,
        "test_accuracy": 1.0,
        "precision": 1.0,
        "recall": 1.0,
        "f1_score": 1.0,
        "roc_auc": 1.0,
        "cv_mean": 1.0,
        "cv_std": 0.0
    },
    "Support Vector Machine": {
        "train_accuracy": 0.893,
        "test_accuracy": 0.893,
        "precision": 0.8915879081150231,
        "recall": 0.893,
        "f1_score": 0.8763860114268643,
        "roc_auc": 0.9455267111611915,
        "cv_mean": 0.891375,
        "cv_std": 0.0037374790969314964
    },
    "K-Nearest Neighbors": {
        "train_accuracy": 0.958,
        "test_accuracy": 0.929,
        "precision": 0.9263189590402827,
        "recall": 0.929,
        "f1_score": 0.9266333378867957,
        "roc_auc": 0.9562259830689666,
        "cv_mean": 0.927375,
        "cv_std": 0.006896557112066834
    },
    "Naive Bayes": {
        "train_accuracy": 0.7225,
        "test_accuracy": 0.744,
        "precision": 0.871822849025974,
        "recall": 0.744,
        "f1_score": 0.775490407523511,
        "roc_auc": 0.8928248967091387,
        "cv_mean": 0.7230000000000001,
        "cv_std": 0.009781998773256907
    }
}